"Model","AUC"
"Logistic Regression",0.571198479391756
"XGBoost",0.556922769107643
